{"x1":{"0":0.6248474604,"1":-0.3771243422,"2":-0.2233157047,"3":0.5716422734,"4":-0.3537817487,"5":0.4510355023,"6":-1.0407993466,"7":1.1761261013,"8":1.0534655922,"9":0.931095725,"10":1.216169052,"11":0.7379821356,"12":0.2022247579,"13":0.3601289345,"14":0.0332468251,"15":-0.93660077,"16":0.4135339611,"17":0.6724176087,"18":-0.2408308474,"19":1.0068169706,"20":3.9772865593,"21":4.5550679786,"22":5.8314266875,"23":5.5041556884,"24":4.2955374689,"25":4.6709256425,"26":5.7400906917,"27":4.9741582573,"28":4.6462192788,"29":4.3932634301,"30":4.7308021611,"31":4.4416738234,"32":4.0597898813,"33":4.8858495263,"34":4.4548374808,"35":4.0267549885,"36":6.0113154562,"37":5.6923967185,"38":5.7240052175,"39":5.0663930661,"40":0.2363647902,"41":0.647252052,"42":0.1832469336,"43":-0.9827459969,"44":0.1499253035,"45":0.2111649989,"46":0.1695160772,"47":-0.4665390381,"48":0.0579405357,"49":0.8902430286,"50":-0.2071981772,"51":1.1442235863,"52":0.3726721591,"53":-0.0480467303,"54":-0.5570866363,"55":0.4630533236,"56":-1.0056509764,"57":0.9295890421,"58":0.6024686119,"59":0.7390089846},"x2":{"0":0.0480175393,"1":-1.2033879174,"2":1.1804032556,"3":-0.9180979694,"4":1.1529765359,"5":1.0360522981,"6":0.2949729656,"7":0.2329003514,"8":-0.3486989005,"9":-0.4080928665,"10":0.1648164565,"11":-0.4683098928,"12":-0.8980697785,"13":0.2914518279,"14":0.2084245483,"15":-0.2407226176,"16":-1.0115647783,"17":-0.5784365974,"18":0.707978196,"19":-0.4509183638,"20":1.964421911,"21":2.8204542323,"22":1.7212216143,"23":2.7857262852,"24":3.5919122625,"25":2.7720634567,"26":2.7954348637,"27":2.152309639,"28":1.4333639984,"29":1.3733619299,"30":2.0408272338,"31":1.4639768147,"32":1.828167048,"33":2.4606974286,"34":3.3522734883,"35":2.5289008174,"36":1.7103988218,"37":1.5347026985,"38":3.3792131386,"39":1.5109505504,"40":4.5513258685,"41":5.2526047582,"42":6.0205178053,"43":4.851529616,"44":6.1949001984,"45":4.9100299448,"46":4.5434834333,"47":5.214348037,"48":4.2887586896,"49":5.2727993484,"50":5.4186557938,"51":4.6345164929,"52":5.5883269941,"53":5.8148165691,"54":5.0248709173,"55":4.6910653211,"56":5.0421434893,"57":4.8003881937,"58":4.1331091274,"59":4.8691042547},"y":{"0":-1,"1":-1,"2":-1,"3":-1,"4":-1,"5":-1,"6":-1,"7":-1,"8":-1,"9":-1,"10":-1,"11":-1,"12":-1,"13":-1,"14":-1,"15":-1,"16":-1,"17":-1,"18":-1,"19":-1,"20":1,"21":1,"22":1,"23":1,"24":1,"25":1,"26":1,"27":1,"28":1,"29":1,"30":1,"31":1,"32":1,"33":1,"34":1,"35":1,"36":1,"37":1,"38":1,"39":1,"40":3,"41":3,"42":3,"43":3,"44":3,"45":3,"46":3,"47":3,"48":3,"49":3,"50":3,"51":3,"52":3,"53":3,"54":3,"55":3,"56":3,"57":3,"58":3,"59":3}}